{
    "param_count": 39633986,
    "storage_size_MB": 151.53058433532715,
    "train_losses": [
        0.30566668240947925,
        0.10037123760644426,
        0.07331891873098434,
        0.056849033512333606,
        0.04587875195640199
    ],
    "val_losses": [
        0.12356505766510964,
        0.06938182711601257,
        0.08666897043585778,
        0.04363942928612232,
        0.03942939750850201
    ],
    "train_accs": [
        0.9095011454947451,
        0.9900081905912845,
        0.9917183734000997,
        0.9923886707488526,
        0.9935579667700097
    ],
    "val_accs": [
        0.98451908826828,
        0.9900529980659485,
        0.9820621967315674,
        0.9925038635730743,
        0.9925076007843018
    ],
    "test_loss": [
        0.047201115638017654,
        0.04067318141460419,
        0.029498344287276268,
        0.06967877596616745,
        0.026532011106610298,
        0.02362154982984066,
        0.028045281767845154,
        0.023145753890275955,
        0.023733092471957207,
        0.023172829300165176,
        0.03337320312857628,
        0.02425210364162922,
        0.02748449146747589,
        0.036042142659425735,
        0.026796281337738037,
        0.06708803027868271,
        0.06390922516584396,
        0.023861821740865707,
        0.08941560238599777,
        0.03732291981577873,
        0.04322969540953636,
        0.02339116670191288,
        0.034656595438718796,
        0.02962859719991684,
        0.057553280144929886,
        0.046997569501399994,
        0.02386300638318062,
        0.06892675161361694,
        0.05281275138258934,
        0.026243118569254875,
        0.03158249706029892,
        0.028732815757393837,
        0.02431812882423401,
        0.03715752810239792,
        0.033465225249528885,
        0.023581640794873238,
        0.029711086302995682,
        0.029608003795146942,
        0.0235060453414917,
        0.07742923498153687,
        0.026052923873066902,
        0.033718619495630264,
        0.02384365163743496,
        0.021074699237942696,
        0.03929321840405464,
        0.04383789747953415,
        0.029172152280807495,
        0.03140959516167641,
        0.04163684323430061,
        0.04882906377315521,
        0.06504874676465988,
        0.02369401790201664,
        0.023981140926480293,
        0.05936156585812569,
        0.025009995326399803,
        0.04929337278008461,
        0.02531386725604534,
        0.02288103476166725,
        0.04114191234111786,
        0.0539252795279026,
        0.023572703823447227,
        0.03033190406858921,
        0.06441683322191238,
        0.022920910269021988,
        0.024167375639081,
        0.03280925750732422,
        0.03640494495630264,
        0.06301948428153992,
        0.0311877503991127,
        0.032653722912073135,
        0.05247863009572029,
        0.04099762812256813,
        0.03452048823237419,
        0.04538099095225334,
        0.02551276795566082,
        0.02325456589460373,
        0.023792948573827744,
        0.026617975905537605,
        0.03504396602511406,
        0.0556633435189724,
        0.04466046392917633,
        0.03287263587117195
    ],
    "test_accuracy": [
        0.9891020059585571,
        0.9913649559020996,
        0.9966523051261902,
        0.9773455262184143,
        0.996874988079071,
        1.0,
        0.9977047443389893,
        1.0,
        1.0,
        1.0,
        0.9955962896347046,
        0.9977945685386658,
        0.9965014457702637,
        0.9925861954689026,
        0.9985848069190979,
        0.9783585071563721,
        0.9816882014274597,
        1.0,
        0.9733297228813171,
        0.9928591847419739,
        0.9915122389793396,
        0.998035192489624,
        0.9961314797401428,
        0.9963433742523193,
        0.9826868176460266,
        0.9884518980979919,
        1.0,
        0.9806752800941467,
        0.9863002896308899,
        0.9968067407608032,
        0.9968893527984619,
        0.9982255697250366,
        1.0,
        0.9918498396873474,
        0.9957794547080994,
        1.0,
        0.9970258474349976,
        0.9968786239624023,
        1.0,
        0.9745653867721558,
        0.9969683885574341,
        0.9949461221694946,
        1.0,
        0.9993031620979309,
        0.9928089380264282,
        0.9893857836723328,
        0.9969683885574341,
        0.997022271156311,
        0.9899712800979614,
        0.9901688098907471,
        0.9824677109718323,
        1.0,
        1.0,
        0.9829777479171753,
        0.9996587634086609,
        0.9879059195518494,
        0.9978771805763245,
        1.0,
        0.9929094910621643,
        0.9893391132354736,
        1.0,
        0.9955424070358276,
        0.9805639386177063,
        1.0,
        0.9982291460037231,
        0.9945977330207825,
        0.9945043325424194,
        0.9874784350395203,
        0.9962967038154602,
        0.9956573247909546,
        0.989062488079071,
        0.9918139576911926,
        0.99275141954422,
        0.9908441305160522,
        0.9972162246704102,
        1.0,
        1.0,
        0.9981716871261597,
        0.9943642616271973,
        0.9850215315818787,
        0.9907723069190979,
        0.9952658414840698
    ],
    "iou": [
        0.8131428219498675,
        0.7076848249027238,
        0.5655011655011655,
        0.5706895378122661,
        0.5317545748116254,
        NaN,
        0.6164465786314526,
        NaN,
        NaN,
        NaN,
        0.8478719444099764,
        0.7191216834400732,
        0.7225071225071225,
        0.7474302496328928,
        0.6137254901960785,
        0.7678764062259208,
        0.4729114971050455,
        NaN,
        0.47459666006227,
        0.8006817726087828,
        0.8537566530511201,
        0.8040128986026513,
        0.12652068126520682,
        0.6908593987245673,
        0.6727322107550244,
        0.8194327436113451,
        NaN,
        0.8215115121757017,
        0.7390887946367493,
        0.6777818050018123,
        0.0,
        0.6338028169014085,
        NaN,
        0.6847735482078355,
        0.18628808864265928,
        NaN,
        0.7724024189114899,
        0.7262992125984252,
        NaN,
        0.6635625029695443,
        0.7056156260899895,
        0.5968481375358167,
        NaN,
        0.2996389891696751,
        0.48282097649186256,
        0.7016959418534222,
        0.5957854406130269,
        0.42189679218967924,
        0.7409297578175744,
        0.29093264248704664,
        0.41705481906126834,
        NaN,
        NaN,
        0.7074871921486328,
        0.0,
        0.0,
        0.7162746039366299,
        NaN,
        0.7964108910891089,
        0.3110492107706592,
        NaN,
        0.6542212315408191,
        0.7869349503858876,
        NaN,
        0.7603305785123967,
        0.6441079034548036,
        0.5611015490533563,
        0.4504177833832571,
        0.7061003420752565,
        0.6108786610878661,
        0.5366002130573733,
        0.5611399961486616,
        0.5123247945867568,
        0.22215440952090326,
        0.6591908531222516,
        NaN,
        NaN,
        0.729973474801061,
        0.6430034129692833,
        0.53219654476105,
        0.7824540604623592,
        0.6622245002562789
    ],